text,class_attribute
"Computers: PC,Laptop &amp; Tablet Options - Best Buy www.bestbuy.com/site/electronics/ computers -pcs/abcat... Cached Get a computer designed to meet your needs,including laptops,desktops,all-in-one computers,monitors,and computer hardware at Best Buy. ",0
"Computer - Wikipedia en.wikipedia.org/wiki/ Computer Cached A computer is a device that can be instructed to carry out an arbitrary set of arithmetic or logical operations automatically. The ability of computers to follow a ... ",0
"Computer - definition of computer by The Free Dictionary www.thefreedictionary.com/ computer Cached For Freedman,though,there&#39;s a motivation even more compelling than the possibility of creating a powerful new computer . ",0
"Computer - Image Results More Computer images Computers &amp; ",0
"Accessories | Amazon.com www.amazon.com/ computer -pc-hardware-accessories... Cached Computers. Computer technology is constantly changing and top brands are continually launching new computer models. Amazon.com is here to assist you choose the right ... ",0
"Computer | Definition of Computer by Merriam-Webster www.merriam-webster.com/dictionary/ computer Cached Define computer : an electronic machine that can store and work with large amounts of information — computer in a sentence computer | ",0
"eBay www.ebay.com/sch/i.html?_nkw= computer Cached Find great deals on eBay for computer and laptop. Shop with confidence. ",0
"Computer Magazine | Flagship magazine of the IEEE Computer ... www. computer .org/ computer -magazine Cached Nonvolatile memory (NVM) technologies—particularly storage class memory (SCM)—offer computer architects exciting new opportunities. Unlike m... ",0
"Newegg - Official Site www.newegg.com Cached Providing computer parts and hardware,hard drives,cameras and software as well as electronics,tools,appliances,sporting goods,jewelry,watches,gaming,and much ... ",0
"Computer | HowStuffWorks computer .howstuffworks.com Cached HowStuffWorks Computer gets you explanations,reviews,opinions and prices for the Internet,home networking,hardware,and software. ",0
"What is a Computer ? A Webopedia Definition www.webopedia.com/TERM/C/ computer .htm Cached A computer is a programmable machine. The two principal characteristics of a computer are: It responds to a specific set of instructions in a well-defined manner and ... ",0
"Computer Desktop Computers - Desktop &amp; Laptop Computers www.samsclub.com 4.0 rating for samsclub.com Sam&#39;s Club® Offers A Wide Range Of Desktop Computers . Shop Online Now! ",1
"Computers – Free Shipping On $35 And Up - Price Match Guarantee deals.bestbuy.com/Weekly/Deals Price Match Guarantee. Shop Our Official Weekly Ad. See Deals At Best Buy®! Computer  Ratings: &nbsp;Customer Service 4.5/5 · Delivery 4.5/5 · Price 4.5/5 ",1
"60% Off Sale Laptop Deals – Laptop Computer Deals www.SavingPanda.com Buy Laptop From Top Brands At Cheap Prices. Shop Now And Save Big Today. ",1
"Also Try computer repair computer history computer desks computer wikipedia computer games desktop computer computer repair services near me computershare ",1
"Computer 60% Off Sale Laptop Deals – Laptop Computer Deals www.SavingPanda.com Buy Laptop From Top Brands At Cheap Prices. Shop Now And Save Big Today. ",1
"Computers – Free Shipping On $35 And Up - Price Match Guarantee deals.bestbuy.com/Weekly/Deals Price Match Guarantee. Shop Our Official Weekly Ad. See Deals At Best Buy®! Computer Ratings: &nbsp;Customer Service 4.5/5 · Delivery 4.5/5 · Price 4.5/5 ",1
"Desktop Computers - Desktop &amp; Laptop Computers www.samsclub.com 4.0 rating for samsclub.com Sam&#39;s Club® Offers A Wide Range Of Desktop Computers . Shop Online Now! ",1
"Excite Web Search excite.com/web+results Search for Web Results Now. Find Quick Results Now. ",1
"Computers For Sale Abt.com/ Computer s 4.5 rating for abt.com Pleasing People Since 1936. Order Computers Online Today! ",1
"Discount Laptops More.com/Smart+Deals Laptops Top 5 Deals. Save More With Our Smart Offers! ",1